Nike,Milano,104-48-7066,abbigliamento,107611761
Adidas,Berlino,562-44-3569,abbigliamento,96305682
Lotto,Milano,643-26-1384,abbigliamento,3130772
Prince,Paris,602-58-6447,accessori,7354675
Head,Roma,521-41-4099,accessori,6039539
Babolat,NewYork,982-41-8512,integratori,6256080
Wilson,Roma,442-17-6090,abbigliamento,8035088
Dunlop,Paris,235-87-5793,integratori,3573701
Artengo,Berlino,898-68-6231,integratori,9969264
Lacoste,NewYork,180-48-9863,abbigliamento,9375742
Tecnofibre,Paris,707-14-5963,accessori,5454379
